Wall time,Step,Value
1645532908.4813714,4,-12.816176414489746
1645532908.6161563,5,-274.9233093261719
1645532909.3592396,11,-137.80459594726562
1645532909.7762845,15,-280.5401306152344
1645532909.8951008,16,-233.51954650878906
1645532910.1736615,19,-348.3154602050781
1645532910.2585924,20,-432.26226806640625
1645532910.350425,21,-398.395751953125
1645532910.4989874,23,-53.64493179321289
1645532910.5793083,24,-173.92198181152344
1645532910.9020133,27,-148.30650329589844
1645532911.1481762,28,-217.95272827148438
1645532912.791996,39,-88.65887451171875
1645532912.9709723,41,-291.8656311035156
1645532913.582582,48,-65.60316467285156
1645532913.6690447,49,-35.84416198730469
1645532913.8106754,50,-66.8485107421875
1645532913.9483786,52,-100.73108673095703
1645532914.3257837,55,-314.1084899902344
1645532914.8868968,58,-431.7401123046875
1645532915.1501565,61,-232.90225219726562
1645532915.2176204,62,-93.11730194091797
1645532915.3263144,63,-269.2472839355469
1645532915.4773502,64,-119.71739196777344
1645532917.8245163,66,-115.83199310302734
1645532917.8885589,67,-115.85055541992188
1645532917.9458258,68,-68.2704086303711
1645532918.008893,69,-75.00211334228516
1645532918.2828152,71,-96.16117095947266
1645532918.3824503,72,-352.3807067871094
1645532919.153119,78,-129.42501831054688
1645532919.359821,80,-150.81463623046875
1645532919.4471962,81,-76.61479949951172
1645532919.6554193,83,-101.44883728027344
1645532919.895726,86,-244.04525756835938
1645532920.221871,90,-61.31238555908203
1645532921.265823,100,-142.06333923339844
1645532921.4298003,101,-209.62850952148438
1645532921.792385,104,-115.49317169189453
1645532923.0473404,107,-103.6202621459961
1645532923.159488,108,-120.53706359863281
1645532923.4324386,110,-152.81607055664062
1645532924.1537156,117,-206.77182006835938
1645532924.6859963,122,-119.71456909179688
1645532925.1801891,126,40.62242889404297
1645532925.2969193,127,-123.15458679199219
1645532925.628327,129,-38.40934753417969
1645532925.8514953,131,-152.76663208007812
1645532925.9275527,132,-25.38821029663086
1645532926.7624683,137,-119.65650939941406
1645532926.972706,138,-282.74334716796875
1645532929.844494,145,-117.1423110961914
1645532930.0030813,147,-97.13198852539062
1645532930.1509783,148,-138.30271911621094
1645532930.7465904,151,-102.56108856201172
1645532931.8142793,158,-163.6278839111328
1645532932.226015,161,-211.4322967529297
1645532932.6333501,163,-124.93994903564453
1645532932.8746312,165,-29.101951599121094
1645532934.7669208,171,-93.49495697021484
1645532934.87812,172,-76.40294647216797
1645532935.0344176,173,-82.70048522949219
1645532935.787609,176,29.407546997070312
1645532935.997656,177,-21.418487548828125
1645532936.6172183,178,-23.987504959106445
1645532937.1956654,182,-42.84973907470703
1645532938.216324,185,-121.4903564453125
1645532938.443116,186,-114.11642456054688
1645532939.117811,187,-87.28968811035156
1645532942.1651282,191,-22.211633682250977
1645532942.961531,192,-111.99323272705078
1645532943.1228018,193,-13.486990928649902
1645532945.8443935,200,-61.769508361816406
1645532946.6296942,203,-89.69022369384766
1645532946.7731848,204,-101.45626068115234
1645532947.0309117,205,-266.6291198730469
1645532947.2209344,206,-96.77452850341797
1645532947.7589743,208,-102.79496765136719
1645532948.2558897,210,-214.8589324951172
1645532948.63485,212,-110.64810180664062
1645532948.9095154,214,-77.60966491699219
1645532949.3818612,216,-38.119022369384766
1645532949.754938,217,-42.414878845214844
1645532953.539005,220,22.42218780517578
1645532953.7075338,221,-40.35378646850586
1645532953.939282,222,-93.3597183227539
1645532954.1677384,223,-180.00521850585938
1645532954.7692606,225,-106.8749008178711
1645532957.5467393,230,-169.62423706054688
1645532963.09733,240,-237.98117065429688
1645532963.6502955,242,33.175201416015625
1645532964.7439327,245,-57.85086441040039
1645532964.9210577,246,-330.714599609375
1645532967.1019874,247,44.79005432128906
1645532971.7682836,255,-163.44483947753906
1645532974.5740843,259,23.08136558532715
1645532977.6315808,260,-13.062649726867676
1645532977.9291584,261,-50.8958625793457
1645532980.9968443,263,-204.1741485595703
1645532985.9290578,271,-19.006610870361328
1645532988.7994013,272,22.27630615234375
1645532992.5696971,275,42.192115783691406
1645532996.2693958,277,-119.74913024902344
1645533001.3398826,279,-83.1538314819336
1645533001.76203,281,-26.668424606323242
1645533003.8443313,283,-126.6707763671875
1645533004.2487266,284,-210.2398223876953
1645533005.8848166,286,182.85679626464844
1645533010.156768,288,26.347110748291016
1645533010.3765342,289,27.912031173706055
1645533012.4076102,291,-21.4399471282959
1645533020.1868281,296,-27.07634735107422
1645533020.4581823,297,-65.89875793457031
1645533022.504785,298,-109.05213165283203
1645533024.6646173,299,-97.53409576416016
1645533039.4132638,307,-93.15497589111328
1645533042.8999853,309,76.73136138916016
1645533044.6094139,310,-45.17814636230469
1645533051.3593087,313,15.778154373168945
1645533058.4647398,317,-10.424859046936035
1645533062.5501661,319,74.5833740234375
1645533064.9516032,320,197.2858123779297
1645533071.3158865,323,-17.06561279296875
1645533076.2388759,325,-58.4211540222168
1645533084.1165845,330,-60.78653335571289
1645533088.4020991,332,67.59882354736328
1645533090.4616401,333,-16.09319305419922
1645533098.6188483,338,-83.35323333740234
1645533100.436728,339,58.71136474609375
1645533104.6552384,341,-100.4107894897461
1645533111.7089856,344,-36.61985778808594
1645533116.7831798,346,-71.62843322753906
1645533119.0856087,347,-56.60999298095703
1645533126.9849203,351,-32.46541213989258
1645533131.6258686,353,7.024787902832031
1645533136.774921,355,-72.43382263183594
1645533144.1803112,359,-41.29851531982422
1645533153.1909268,363,-59.48053741455078
1645533155.2408402,364,8.704916000366211
1645533156.9708884,365,-8.27740478515625
1645533159.3120313,366,-53.342044830322266
1645533162.2235608,367,35.119014739990234
1645533163.828328,368,-34.42125701904297
1645533177.440615,375,-12.743175506591797
1645533184.7165482,378,-59.34510803222656
1645533186.6308858,379,-8.331623077392578
1645533203.1672575,387,-42.98237991333008
1645533213.1470513,391,217.99392700195312
1645533214.9827826,392,0.6252464056015015
1645533217.0982554,393,-19.69558334350586
1645533220.4376595,394,-8.964476585388184
1645533224.0639842,395,-71.76363372802734
1645533231.4037683,398,-53.493804931640625
1645533243.1933327,403,-35.2164306640625
1645533247.6311364,405,-71.8877944946289
1645533255.6865203,409,-52.535518646240234
1645533257.5837111,410,-63.698116302490234
1645533268.6074123,414,-49.70778274536133
1645533270.953307,415,-66.28907012939453
1645533272.829737,416,-7.756833553314209
1645533278.9585588,419,188.86996459960938
1645533286.7926188,422,-67.53019714355469
1645533288.6875966,423,-30.3099365234375
1645533296.0616999,426,-42.70040512084961
1645533297.9027874,427,-61.62055587768555
1645533305.5951614,431,-54.82368087768555
1645533314.3086045,436,-44.45594787597656
1645533315.8306246,437,-53.938812255859375
1645533317.4431221,438,-62.07625198364258
1645533320.713459,440,-31.66282081604004
1645533322.3125155,441,-46.22856140136719
1645533323.72945,442,-71.34117889404297
1645533327.8581553,444,-49.980712890625
1645533329.4634643,445,-23.474279403686523
1645533330.6418505,446,-256.22113037109375
1645533333.2214785,447,-67.62703704833984
1645533342.3703825,451,-66.87249755859375
1645533346.941686,453,90.50662231445312
1645533349.586831,454,-69.48973846435547
1645533351.1594033,455,-47.1409797668457
1645533355.9471972,457,-55.31869125366211
1645533362.5278006,461,-25.588106155395508
1645533364.039408,462,218.0163116455078
1645533371.1873808,466,-194.84542846679688
1645533372.7731564,467,197.57728576660156
1645533375.771891,469,-70.43870544433594
1645533381.1428516,471,-46.93437576293945
1645533383.6181982,475,252.5730438232422
1645533385.4252868,476,4.050283432006836
1645533390.6921003,479,160.50404357910156
1645533391.0822592,480,208.84739685058594
1645533391.6762292,481,221.18150329589844
1645533393.1616743,482,-8.575791358947754
1645533396.3326747,484,145.5052490234375
1645533396.4437594,485,-101.27938842773438
1645533401.9820073,488,7.687556743621826
1645533404.6669133,489,-32.84195327758789
1645533406.1866338,490,162.2884521484375
1645533409.04658,492,171.20196533203125
1645533412.404941,495,81.28858947753906
1645533419.0542796,499,134.1287078857422
1645533425.5470176,503,-51.08951187133789
1645533427.31389,504,-12.329645156860352
1645533433.4464743,507,-22.01746368408203
1645533434.7296455,510,-161.56417846679688
1645533436.4306798,511,-36.0459098815918
1645533438.6809993,512,-23.273151397705078
1645533441.1018763,513,-30.58201026916504
1645533443.955566,514,-67.23065185546875
1645533445.8277295,515,-61.316917419433594
1645533449.8441148,518,-41.60834884643555
1645533452.6348882,519,-77.80236053466797
1645533455.4026778,520,8.158973693847656
1645533455.481798,521,-99.763427734375
1645533461.6139927,524,-39.643409729003906
1645533470.1053421,531,170.20755004882812
1645533476.216388,534,-30.039854049682617
1645533478.9995165,535,81.4975357055664
1645533484.27228,537,-30.781490325927734
1645533486.697008,538,-41.88700485229492
1645533489.6203003,539,160.51324462890625
1645533493.664062,541,65.17497253417969
1645533498.4088497,543,5.210999488830566
1645533503.408084,545,-46.82652282714844
1645533508.8578136,547,96.74089813232422
1645533510.7277064,548,-27.393585205078125
1645533513.89282,551,-100.03562927246094
1645533517.444156,553,-51.91045379638672
1645533521.7748358,556,-84.10233306884766
1645533523.6730244,557,32.689388275146484
1645533534.9101105,563,-62.44755935668945
1645533537.5709286,564,33.762813568115234
1645533538.8639789,565,246.12120056152344
1645533546.570858,569,229.90098571777344
1645533552.410033,572,175.6767120361328
1645533556.3123174,574,-43.878047943115234
1645533563.2676656,577,199.9323272705078
1645533569.5163977,581,148.88111877441406
1645533576.6160583,585,118.97628784179688
1645533578.2406313,586,164.84068298339844
1645533578.5731437,587,50.3958625793457
1645533583.3349674,589,165.76885986328125
1645533585.2232013,591,206.4495391845703
1645533587.737449,592,-19.628036499023438
1645533589.486587,593,150.86740112304688
1645533592.4146988,595,245.14529418945312
1645533595.7030568,597,-56.03028869628906
1645533596.3678977,598,274.4604797363281
1645533597.2707403,599,213.54873657226562
1645533598.8046155,600,161.83433532714844
1645533602.946264,603,89.50608825683594
1645533605.2473252,604,-32.091312408447266
1645533612.2097566,609,-24.900598526000977
1645533615.4155724,611,92.42648315429688
1645533620.2125566,614,124.01412963867188
1645533621.6861343,615,204.3585205078125
1645533623.6767755,617,187.09950256347656
1645533625.6884186,619,256.48492431640625
1645533629.4159994,621,122.3381118774414
1645533633.8606453,623,-70.8199691772461
1645533636.1204276,624,121.24590301513672
1645533643.8250265,627,-76.03057098388672
1645533647.935138,629,-64.58040618896484
1645533651.1373951,630,92.50667572021484
1645533653.607826,634,15.749676704406738
1645533658.7373064,638,123.55511474609375
1645533662.6347318,641,112.98278045654297
1645533663.0753593,642,232.6335906982422
1645533663.7309344,643,263.159423828125
1645533664.0072556,644,6.173290729522705
1645533664.346446,645,291.77923583984375
1645533668.5622938,650,-46.896644592285156
1645533670.844955,652,-43.94337844848633
1645533673.2127404,653,4.325995922088623
1645533674.3901308,654,118.95188903808594
1645533674.8554788,655,273.8505859375
1645533675.2908576,656,18.035419464111328
1645533678.8019257,659,244.27833557128906
1645533680.224914,661,227.59555053710938
1645533686.1107347,668,131.67437744140625
1645533687.9231598,671,290.9222717285156
1645533691.5005934,676,252.4407196044922
1645533692.6457198,677,131.27352905273438
1645533693.091526,678,273.15887451171875
1645533696.3114269,681,56.02609634399414
1645533697.5328133,683,226.00132751464844
1645533698.3656175,684,232.6326446533203
1645533698.619487,685,-9.183470726013184
1645533701.1252453,688,305.0097961425781
1645533705.010626,693,268.8395690917969
1645533707.3526626,695,-143.0023651123047
1645533707.9843497,697,-134.21517944335938
1645533708.487887,698,264.91021728515625
1645533710.6277893,700,101.95467376708984
1645533712.3284411,703,231.56436157226562
1645533713.8839166,704,119.59031677246094
1645533720.9982185,706,14.341544151306152
1645533727.3449779,710,-41.924400329589844
1645533727.7038443,711,263.7059326171875
1645533731.1499133,713,46.88131332397461
1645533733.6914852,716,266.035888671875
1645533735.7245095,718,245.75799560546875
1645533738.988774,721,-65.06570434570312
1645533739.7102535,722,200.36048889160156
1645533742.4557827,724,79.7923355102539
1645533746.9076867,726,116.12332153320312
1645533747.5875974,727,275.21795654296875
1645533748.7477875,729,232.21505737304688
1645533751.7760012,730,-20.79389762878418
1645533753.3199997,732,199.6481475830078
1645533753.7547867,733,278.33392333984375
1645533756.8483477,734,104.59432220458984
1645533762.576855,739,167.0722198486328
1645533768.807765,743,242.7826690673828
1645533769.4306862,744,280.9483947753906
1645533770.844859,745,146.42709350585938
1645533786.6645927,757,200.36160278320312
1645533787.7884052,759,271.3430480957031
1645533792.9078786,765,222.9686279296875
1645533793.6519725,766,244.63644409179688
1645533796.736734,769,136.45228576660156
1645533797.554147,770,-216.1752166748047
1645533800.6500068,773,227.25819396972656
1645533803.8650532,776,119.63221740722656
1645533804.523483,777,245.24856567382812
1645533806.7353575,779,199.69680786132812
1645533807.8931131,780,97.95384979248047
1645533808.601611,781,172.6314239501953
1645533811.120026,782,-33.278602600097656
1645533811.684246,783,-53.17251205444336
1645533814.744452,789,155.74717712402344
1645533819.0271502,792,178.56869506835938
1645533825.9809623,800,133.91702270507812
1645533831.9362366,805,113.54740142822266
1645533832.5233645,806,187.37413024902344
1645533833.2306218,807,207.45965576171875
1645533833.8889284,808,286.0153503417969
1645533835.40449,811,187.59494018554688
1645533843.1319864,819,205.93472290039062
1645533843.8090534,820,171.52920532226562
1645533847.8759422,824,-104.99507141113281
1645533851.2106044,828,159.67593383789062
1645533851.7172163,829,-41.69237518310547
1645533853.929358,833,195.4640350341797
1645533854.6883745,834,162.21327209472656
1645533856.414998,836,177.7940673828125
1645533857.4453435,837,208.43740844726562
1645533858.1609492,838,249.16041564941406
1645533860.6850634,840,121.04563903808594
1645533862.2290385,841,162.20803833007812
1645533865.036395,844,191.89112854003906
1645533868.2635372,846,168.96041870117188
1645533872.7226381,851,176.99853515625
1645533875.4485466,852,-7.971381664276123
1645533879.0767262,855,236.93426513671875
1645533881.9545813,858,157.32273864746094
1645533884.4512656,861,187.0665283203125
1645533886.01555,863,181.11659240722656
1645533889.8325777,866,166.0005340576172
1645533890.6818995,867,206.69775390625
1645533893.2693143,871,276.6441955566406
1645533893.6696126,872,267.793212890625
1645533904.372111,885,251.14735412597656
1645533907.2813754,886,-27.12726593017578
1645533907.6787915,887,260.0606689453125
1645533910.2548304,891,127.32943725585938
1645533912.1023498,893,108.23804473876953
1645533917.396819,896,161.96505737304688
1645533918.7068813,898,266.4581298828125
1645533919.2355871,899,264.82659912109375
1645533921.7856772,902,226.37969970703125
1645533922.21326,903,257.65032958984375
1645533923.9886,905,147.7144012451172
1645533928.0054815,908,142.62823486328125
1645533931.4030848,909,-15.36368465423584
1645533934.2524538,911,102.89543914794922
1645533936.4198003,912,246.43310546875
1645533937.821845,915,214.21792602539062
1645533942.0664804,919,122.5361328125
1645533943.0165148,920,175.92019653320312
1645533945.3131196,922,240.9716796875
1645533945.9728665,924,18.65153694152832
1645533947.9444463,928,225.74562072753906
1645533950.0090644,929,-70.78758239746094
1645533952.1141112,931,-7.3095269203186035
1645533952.4523482,932,25.58786392211914
1645533952.8679206,933,-18.857952117919922
1645533953.311976,934,214.93002319335938
1645533955.5684447,936,212.3288116455078
1645533957.1958394,940,-37.44582748413086
1645533957.903474,942,274.62445068359375
1645533958.5735757,943,174.2059326171875
1645533961.062381,946,277.2207336425781
1645533966.195071,950,-94.03248596191406
1645533969.7393093,953,278.01702880859375
1645533973.2780135,956,9.614246368408203
1645533974.1568632,957,182.5244598388672
1645533977.8237317,961,252.30735778808594
1645533979.5258424,963,193.58233642578125
1645533979.805557,964,4.642271995544434
1645533981.429708,966,186.14599609375
1645533982.3694396,968,279.5478210449219
1645533983.711695,969,186.23318481445312
1645533986.5897167,972,199.0557861328125
1645533991.0212789,977,196.91136169433594
1645533993.9762058,979,-43.9674186706543
1645533995.2527018,980,254.7150421142578
1645533997.4730594,983,148.41082763671875
1645534000.5048685,987,-96.49427032470703
1645534004.579895,991,-41.182132720947266
1645534005.1312828,993,0.7395333647727966
1645534006.9940429,995,219.6976776123047
1645534010.05466,997,140.68626403808594
1645534014.3111217,999,77.35086822509766
1645534015.1380944,1000,251.1329345703125
1645534020.223062,1003,200.5755615234375
1645534020.6118863,1004,254.8515167236328
1645534021.6468725,1005,207.4420623779297
1645534022.8636472,1007,212.21151733398438
1645534030.6212482,1012,209.10398864746094
1645534032.505529,1014,245.72506713867188
1645534033.2379289,1016,254.8168487548828
1645534033.9323893,1018,238.51365661621094
1645534040.112974,1023,-9.912703514099121
1645534046.1521578,1027,215.84085083007812
1645534048.7455242,1029,114.46733093261719
1645534051.3698328,1030,-54.62250518798828
1645534056.1350045,1036,-6.304782867431641
1645534056.6445088,1037,217.02264404296875
1645534058.8093905,1038,37.64230728149414
1645534060.361573,1039,158.76707458496094
1645534061.118926,1040,164.01123046875
1645534064.642402,1044,-26.527368545532227
1645534065.9800858,1047,-60.2952995300293
1645534075.398107,1053,213.6953125
1645534075.9440918,1054,168.61265563964844
1645534080.1809845,1057,175.2520294189453
1645534082.5613372,1059,252.39016723632812
1645534083.2593575,1060,250.23081970214844
1645534085.5082474,1061,87.92440032958984
1645534089.2355742,1063,258.527587890625
1645534095.3361652,1066,138.95611572265625
1645534096.8810763,1068,-32.471282958984375
1645534099.5824761,1070,146.3270721435547
1645534101.5208564,1071,27.35768699645996
1645534101.8309474,1072,227.734375
1645534102.7377264,1073,207.12156677246094
1645534103.8980453,1074,167.5474853515625
1645534104.9545224,1075,-89.79862213134766
1645534108.832672,1078,198.17724609375
1645534110.0077643,1079,121.25473022460938
1645534110.4958441,1081,213.94882202148438
1645534110.990054,1082,187.06695556640625
1645534111.3764827,1083,208.04534912109375
1645534113.2847743,1086,178.21656799316406
1645534114.336277,1087,122.9150619506836
1645534114.7363353,1088,245.93092346191406
1645534117.1290812,1092,256.86279296875
1645534120.265231,1099,245.23687744140625
1645534121.2577484,1101,239.55775451660156
1645534123.636914,1103,179.80650329589844
1645534123.9058115,1104,222.7912139892578
1645534124.3416638,1105,246.57821655273438
1645534127.1058865,1108,110.21073150634766
1645534128.525091,1110,186.69937133789062
1645534130.0915816,1112,166.71592712402344
1645534130.8835893,1113,180.0416259765625
1645534133.3339584,1115,196.090087890625
1645534137.012471,1120,243.72866821289062
1645534139.541937,1122,137.78140258789062
1645534140.1947114,1123,276.01385498046875
1645534141.8398528,1126,9.631861686706543
1645534144.0460532,1127,89.51624298095703
1645534145.1569262,1129,199.93927001953125
1645534145.5315025,1130,176.76654052734375
1645534147.2021663,1132,230.0047607421875
1645534148.7900507,1133,224.0728759765625
1645534149.9258063,1135,194.14105224609375
1645534151.8445148,1136,182.07569885253906
1645534153.4219978,1137,98.01636505126953
1645534154.7153096,1140,-25.714717864990234
1645534155.5586545,1143,263.4410095214844
1645534157.5940228,1147,250.1017303466797
1645534158.813021,1149,223.31460571289062
1645534159.4665377,1151,229.55429077148438
1645534159.6854463,1152,213.80996704101562
1645534159.9683409,1153,243.872314453125
1645534160.5055141,1154,205.52357482910156
1645534162.667988,1161,263.72137451171875
1645534163.6443007,1163,222.2920684814453
1645534165.9128096,1165,110.01164245605469
1645534168.6128178,1168,244.12911987304688
1645534172.466886,1174,272.4399719238281
1645534172.9368753,1175,226.92959594726562
1645534174.1094623,1177,209.1201934814453
1645534174.6290476,1178,-308.51416015625
1645534174.9134183,1179,262.00921630859375
1645534179.3639138,1183,190.38827514648438
1645534180.6934443,1185,203.02745056152344
1645534181.8647013,1187,220.1587371826172
1645534183.1740425,1189,266.226318359375
1645534184.5916092,1190,208.75352478027344
1645534185.6275234,1191,172.27134704589844
1645534186.8761923,1194,258.82080078125
1645534187.980228,1195,230.87718200683594
1645534188.2350223,1196,229.16253662109375
1645534188.9930384,1198,218.8504180908203
1645534189.431995,1199,203.10826110839844
1645534191.273159,1202,279.2970275878906
1645534194.0433764,1206,262.628173828125
1645534194.3623738,1207,237.8951416015625
1645534194.7329752,1208,219.460205078125
1645534195.7871728,1210,218.65255737304688
1645534199.0379415,1214,263.8978271484375
1645534199.5510552,1215,276.0556945800781
1645534201.591907,1219,257.1770935058594
1645534205.9861906,1224,246.49986267089844
1645534207.2192578,1226,263.9629211425781
1645534208.8883748,1230,289.9730529785156
1645534211.381024,1233,242.5101318359375
1645534212.0285406,1234,233.27679443359375
1645534215.8512,1239,255.86659240722656
1645534216.9313712,1241,203.085693359375
1645534218.9776998,1244,235.29611206054688
1645534219.4700708,1245,241.28660583496094
1645534220.5358682,1247,241.83062744140625
1645534222.6939576,1250,252.818603515625
1645534223.1702714,1251,210.97801208496094
1645534224.7640831,1252,128.17404174804688
1645534226.0518866,1253,90.94463348388672
1645534227.0680447,1255,257.6555480957031
1645534227.6269474,1257,244.58383178710938
1645534227.9423826,1258,289.6453552246094
1645534229.298028,1261,227.7649383544922
1645534229.7538753,1262,230.38450622558594
1645534231.762319,1268,175.090576171875
1645534233.6707213,1272,250.10643005371094
1645534235.505754,1277,200.3883056640625
1645534235.7900338,1278,301.30792236328125
1645534236.7144632,1279,231.92005920410156
1645534238.168273,1283,263.02154541015625
1645534239.54678,1286,9.845386505126953
1645534241.8019178,1291,259.24114990234375
1645534242.7250216,1294,259.339111328125
1645534245.2369115,1299,251.53529357910156
1645534246.5491612,1300,238.84718322753906
1645534249.119497,1303,227.36459350585938
1645534251.03864,1307,194.35031127929688
1645534252.6637597,1311,264.2640686035156
1645534255.2502491,1316,247.8583526611328
1645534258.8410637,1321,209.09811401367188
1645534259.7828493,1323,273.779296875
1645534260.782016,1326,256.0390625
1645534261.24143,1327,270.71575927734375
1645534261.9817219,1329,263.41583251953125
1645534266.017946,1336,196.45993041992188
1645534271.5883512,1345,107.79999542236328
1645534273.2495894,1346,217.98458862304688
1645534274.5247622,1348,253.43972778320312
1645534274.926309,1349,236.10032653808594
1645534275.9321098,1352,238.6178436279297
1645534276.860787,1353,250.0257568359375
1645534277.3374927,1355,252.52133178710938
1645534279.204569,1359,279.7430114746094
1645534280.2143295,1361,230.17950439453125
1645534282.834792,1365,205.88357543945312
1645534283.382293,1366,232.67355346679688
1645534283.6276162,1367,283.75103759765625
1645534283.8119922,1368,238.99769592285156
1645534284.0817864,1369,298.2072448730469
1645534287.4850593,1373,14.031160354614258
1645534288.5173109,1376,230.9442138671875
1645534288.8254042,1377,219.6924285888672
1645534289.9264517,1381,236.5270538330078
1645534294.2314632,1386,264.6634216308594
1645534294.4121165,1387,248.3042449951172
1645534295.8675601,1391,275.3508605957031
1645534296.9437158,1394,221.28713989257812
1645534298.0871773,1398,253.76043701171875
1645534307.081635,1417,238.16494750976562
1645534307.4169154,1418,276.1273498535156
1645534308.6490932,1422,10.257994651794434
1645534312.1789806,1432,295.3312072753906
1645534312.6624253,1433,182.5938720703125
1645534314.597395,1437,223.00282287597656
1645534315.2817357,1439,256.4014587402344
1645534315.5733228,1440,248.49679565429688
1645534315.87208,1441,225.39967346191406
1645534316.0683434,1442,240.0612335205078
1645534319.221147,1445,294.8488464355469
1645534320.332868,1448,231.66798400878906
1645534320.8882604,1450,226.5792999267578
1645534321.3552008,1452,224.76258850097656
1645534321.5386772,1453,246.83428955078125
1645534322.1406403,1455,271.94793701171875
1645534322.5250518,1456,288.36865234375
1645534323.2262342,1458,284.4246520996094
1645534323.4897175,1459,229.78964233398438
1645534323.9715693,1460,227.513427734375
1645534324.231697,1461,250.71823120117188
1645534324.5777822,1462,271.4395751953125
1645534325.5001173,1464,255.77029418945312
1645534328.794447,1471,253.67413330078125
1645534330.710954,1474,169.77694702148438
1645534330.886715,1475,262.4611511230469
1645534331.3303375,1477,262.3126220703125
1645534335.032607,1484,248.07546997070312
1645534336.307622,1488,267.32891845703125
1645534337.3126597,1490,241.65087890625
1645534338.1019032,1491,162.79437255859375
1645534339.3050618,1494,264.4464416503906
1645534339.5075672,1495,252.77584838867188
1645534341.1007268,1499,5.362332344055176
1645534341.3462749,1500,277.9525146484375
1645534341.6327794,1501,293.2196350097656
1645534342.1879058,1503,238.88282775878906
1645534345.2764418,1510,296.16656494140625
1645534345.556722,1511,257.71185302734375
1645534345.8573613,1512,275.681884765625
1645534346.6495264,1514,268.6942138671875
1645534347.2629662,1516,301.3482360839844
1645534347.5005474,1517,271.5879821777344
1645534350.1377914,1524,268.978271484375
1645534353.1012983,1529,233.18785095214844
1645534355.4238122,1535,282.0572814941406
1645534357.654549,1538,228.36978149414062
1645534357.8344185,1539,272.4562683105469
1645534358.6105633,1542,268.8769226074219
1645534361.1904376,1549,305.579833984375
1645534362.834296,1552,236.3013153076172
1645534364.2096055,1553,205.73858642578125
1645534364.5745692,1554,284.8929138183594
1645534368.6842604,1563,263.0585632324219
1645534370.522144,1566,224.82640075683594
1645534371.040514,1567,268.0862731933594
1645534371.7107205,1569,262.9659423828125
1645534372.2420104,1571,269.958984375
1645534372.5087664,1572,259.9864807128906
1645534372.7092566,1573,260.53326416015625
1645534373.286313,1574,241.8080291748047
1645534374.1782117,1577,262.1448059082031
1645534376.6005723,1579,240.4163055419922
1645534377.0688007,1581,271.8231506347656
1645534377.3212082,1582,260.2994384765625
1645534377.5523016,1583,266.58331298828125
1645534378.3483133,1586,259.55584716796875
1645534380.5031571,1591,290.5975036621094
1645534381.982601,1596,256.8968505859375
1645534382.3188243,1597,306.6043395996094
1645534382.6374154,1598,259.58026123046875
1645534383.9065,1602,50.31074523925781
1645534384.1717153,1603,274.2502136230469
1645534384.5516884,1604,259.62066650390625
1645534386.7067332,1612,270.58856201171875
1645534387.200747,1614,309.4525451660156
1645534387.4473076,1615,270.1410827636719
1645534387.7878175,1617,55.26802062988281
1645534389.361085,1623,253.23106384277344
1645534389.9832127,1625,267.075927734375
1645534391.5907083,1628,298.0709228515625
1645534392.4926376,1632,256.4076843261719
1645534393.246583,1636,249.72329711914062
1645534393.6197448,1638,40.40506362915039
1645534394.3751435,1641,262.8536682128906
1645534394.6096044,1642,272.2842712402344
1645534396.05414,1647,258.3565979003906
1645534396.1959457,1648,10.987025260925293
1645534396.7082314,1650,281.33172607421875
1645534397.0872788,1652,256.7708435058594
1645534397.2711232,1653,272.50250244140625
1645534397.4827468,1654,231.57049560546875
1645534397.7282755,1655,300.8752136230469
1645534398.336971,1657,306.3846435546875
1645534398.9700365,1659,52.637977600097656
1645534400.4591563,1663,271.1546936035156
1645534401.0652435,1665,288.5830993652344
1645534401.5605958,1667,264.49517822265625
1645534402.5026097,1670,26.56629180908203
1645534402.7078948,1671,266.0040283203125
1645534404.9163094,1675,313.1177673339844
1645534405.5996618,1678,275.3687438964844
1645534406.1653478,1680,271.0949401855469
1645534406.3777065,1681,240.8395233154297
1645534406.7785645,1683,267.45849609375
1645534407.4439223,1686,272.6324768066406
1645534407.6368845,1687,278.65802001953125
1645534407.9779172,1688,286.27520751953125
1645534408.2422843,1689,241.790283203125
1645534409.2012544,1694,21.990251541137695
1645534409.3165843,1695,19.878881454467773
1645534409.539524,1696,259.44512939453125
1645534411.659754,1700,304.7332458496094
1645534411.8674285,1701,302.5408020019531
1645534412.5883982,1703,262.5563049316406
1645534413.5111842,1705,284.09234619140625
1645534414.2905645,1708,265.0091857910156
1645534414.8178344,1710,260.1100158691406
1645534415.0729,1711,290.6440124511719
1645534415.272538,1712,250.12936401367188
1645534415.4746497,1713,295.51568603515625
1645534416.8643172,1719,252.0711669921875
1645534418.8952217,1723,283.8067626953125
1645534419.2153912,1724,268.80224609375
1645534419.4646583,1725,319.5912170410156
1645534419.767979,1726,261.154052734375
1645534421.2924104,1731,295.3424987792969
1645534423.3104208,1739,273.48309326171875
1645534423.5502694,1740,247.11280822753906
1645534424.599017,1744,270.7759704589844
1645534425.0287766,1746,282.25323486328125
1645534425.6985285,1749,258.3252258300781
1645534425.9028213,1750,331.372802734375
1645534426.129455,1751,307.33538818359375
1645534426.3803046,1752,285.3359680175781
1645534426.8733711,1754,264.65936279296875
1645534427.1349823,1755,250.7569580078125
1645534427.992022,1758,316.0633239746094
1645534430.4096878,1763,133.30087280273438
1645534430.7029657,1764,235.65895080566406
1645534431.25179,1766,281.3299560546875
1645534432.1255744,1769,241.94900512695312
1645534433.5982158,1776,283.8212585449219
1645534433.9389846,1777,277.6328430175781
1645534434.1555583,1778,279.9412536621094
1645534434.6562726,1781,294.4263000488281
1645534435.5945108,1785,255.6641082763672
1645534435.8362012,1786,278.040771484375
1645534436.0642717,1787,250.3732452392578
1645534436.8018663,1790,301.0968017578125
1645534437.0628157,1791,258.10516357421875
1645534437.638414,1793,280.4300537109375
1645534438.001083,1795,264.3612365722656
1645534438.455268,1797,281.32275390625
1645534439.3838892,1801,292.5747985839844
1645534440.4638507,1803,260.30859375
1645534442.2726154,1809,266.2035217285156
1645534442.621921,1811,244.49896240234375
1645534444.3163836,1815,248.0062255859375
1645534445.5177734,1820,266.8680419921875
1645534446.6882377,1824,280.8304443359375
1645534447.313688,1827,285.1429138183594
1645534447.5957403,1828,274.0169677734375
1645534449.069474,1830,236.70724487304688
1645534449.3104253,1831,256.42108154296875
1645534449.7640085,1833,293.59417724609375
1645534449.9724538,1834,238.2672119140625
1645534450.2524476,1835,271.5623779296875
1645534450.7456589,1837,259.3877258300781
1645534451.0265095,1838,259.84136962890625
1645534452.627907,1839,131.75982666015625
1645534454.283982,1846,247.68408203125
1645534454.4923377,1847,281.6739807128906
1645534454.6995556,1848,266.13165283203125
1645534454.9209168,1849,274.46832275390625
1645534455.5618436,1852,285.8485107421875
1645534457.757846,1861,275.2930603027344
1645534459.8094897,1865,249.9766845703125
1645534460.5196443,1866,227.5831298828125
1645534460.7123222,1867,254.23565673828125
1645534460.942165,1868,279.93914794921875
1645534462.1958864,1872,271.4109191894531
1645534462.3975956,1873,267.3482666015625
1645534462.9802399,1875,300.1300354003906
1645534463.4045098,1876,279.53717041015625
1645534464.0335846,1878,289.77044677734375
1645534465.4484608,1881,267.5291748046875
1645534466.303597,1884,230.1965789794922
1645534466.5945842,1885,269.73919677734375
1645534467.1073015,1887,303.40185546875
1645534467.6550362,1889,262.5745849609375
1645534469.1368277,1891,218.89544677734375
1645534470.2192948,1896,241.26773071289062
1645534471.0718226,1900,287.84930419921875
1645534471.7372556,1903,290.3206481933594
1645534472.9207854,1907,287.2208251953125
1645534473.426606,1909,287.6927490234375
1645534473.7380748,1910,270.3358154296875
1645534473.9267726,1911,263.97747802734375
1645534474.829934,1914,270.39422607421875
1645534476.15307,1919,304.38153076171875
1645534477.9703505,1925,257.73394775390625
1645534478.3803773,1926,292.6224365234375
1645534478.6845925,1927,265.7870788574219
1645534479.4712284,1930,288.0820007324219
1645534480.3005335,1933,301.91180419921875
1645534480.9651937,1936,241.13711547851562
1645534481.2152326,1937,230.95809936523438
1645534482.1093156,1941,15.691047668457031
1645534482.3884716,1942,269.6905822753906
1645534482.6622748,1943,290.8088684082031
1645534483.549934,1946,255.61412048339844
1645534484.0219693,1948,265.4193420410156
1645534484.65162,1951,282.5541687011719
1645534484.9872708,1952,276.455322265625
1645534486.5736108,1954,277.0257263183594
1645534487.3025208,1957,271.30133056640625
1645534488.394947,1961,271.60040283203125
1645534488.6042504,1962,271.22052001953125
1645534488.8954325,1963,257.4846496582031
1645534489.1884327,1964,322.61920166015625
1645534489.388277,1965,297.3791809082031
1645534490.7218912,1967,259.95458984375
1645534490.9870546,1968,289.01568603515625
1645534491.3379564,1969,285.98455810546875
1645534491.5726256,1970,243.22915649414062
1645534493.465848,1976,274.030517578125
1645534494.0821092,1978,283.6425476074219
1645534494.5479932,1980,62.87394332885742
1645534494.8656769,1981,284.7903747558594
1645534495.2953844,1982,280.96258544921875
1645534495.572755,1983,254.25588989257812
1645534495.7343354,1984,1.3978477716445923
1645534497.2497962,1986,315.4136047363281
1645534498.233054,1988,270.3992004394531
1645534498.8123505,1989,256.5498962402344
1645534499.6398182,1992,290.5280456542969
1645534499.8023844,1993,246.63682556152344
1645534500.6087763,1996,286.2373046875
1645534507.7282755,2017,291.6527404785156
1645534507.9316447,2018,258.4132385253906
1645534509.1567059,2022,289.2201232910156
1645534509.3292646,2023,236.6588897705078
1645534509.5083601,2024,254.20143127441406
1645534510.0092273,2026,289.36114501953125
1645534510.1990724,2027,257.58978271484375
1645534510.7132866,2029,266.5303649902344
1645534511.4149394,2032,293.2702941894531
1645534511.7102184,2033,298.1742248535156
1645534512.1072485,2035,258.6385498046875
1645534512.268049,2036,256.6385192871094
1645534512.4517658,2037,250.3765869140625
1645534513.5354335,2041,262.1105041503906
1645534513.7271059,2042,270.0549621582031
1645534514.0804083,2044,296.3623962402344
1645534514.3864868,2045,288.1883239746094
1645534515.8162389,2048,295.8708801269531
1645534516.2164865,2050,250.12481689453125
1645534519.4137676,2055,287.7631530761719
1645534519.6139095,2056,32.733726501464844
1645534519.856736,2057,291.33355712890625
1645534520.157885,2058,287.15472412109375
1645534526.8072944,2068,279.0664367675781
1645534527.4611192,2069,278.7703857421875
1645534527.9310834,2071,228.4690399169922
1645534529.1993139,2075,231.7865447998047
1645534530.0979,2079,248.53179931640625
1645534530.3013313,2080,264.31195068359375
1645534531.530528,2085,269.712890625
1645534531.9879665,2087,282.22271728515625
1645534532.1523101,2088,277.2006530761719
1645534532.5682044,2090,259.11273193359375
1645534532.8465316,2091,255.73056030273438
1645534533.0751152,2092,270.37640380859375
1645534533.8584626,2096,262.0574645996094
1645534534.24669,2098,232.80686950683594
1645534534.4894445,2099,288.42620849609375
1645534534.837483,2101,268.4283142089844
1645534535.722848,2104,247.9292755126953
1645534535.960484,2105,283.7545471191406
1645534536.1119883,2106,276.7159423828125
1645534536.2908833,2107,295.315185546875
1645534536.9019272,2110,246.21810913085938
1645534537.1490307,2111,298.6332702636719
1645534537.905416,2115,258.1238708496094
1645534538.2088082,2116,268.6893310546875
1645534540.4726415,2120,268.96832275390625
1645534540.7742336,2121,269.4662780761719
1645534541.2792745,2123,300.4826354980469
1645534541.4668496,2124,255.2764129638672
1645534541.7133358,2125,303.88568115234375
1645534542.4396515,2128,288.8750305175781
1645534543.8789864,2135,47.63431930541992
1645534544.0682728,2136,293.2091369628906
1645534544.3349607,2137,286.95245361328125
1645534544.9800897,2140,234.1965789794922
1645534546.0121784,2144,307.24560546875
1645534548.0756478,2150,278.16424560546875
1645534548.3450387,2151,298.05206298828125
1645534549.8723145,2155,235.04879760742188
1645534550.058145,2156,279.0419616699219
1645534550.9177551,2160,260.60552978515625
1645534551.1935425,2161,290.8116760253906
1645534551.4512753,2162,257.8685302734375
1645534551.687787,2163,247.22549438476562
1645534553.3120263,2170,309.2157287597656
1645534554.3832362,2174,280.0746154785156
1645534554.9083061,2176,243.8939666748047
1645534555.0990775,2177,275.2350769042969
1645534557.7214367,2184,232.6090087890625
1645534558.1349854,2186,312.6338806152344
1645534558.7662182,2188,270.0211486816406
1645534559.1645694,2190,268.3565979003906
1645534560.4530764,2195,263.81207275390625
1645534561.636817,2200,261.7152404785156
1645534562.2401445,2202,33.101104736328125
1645534562.4419272,2203,282.1778259277344
1645534562.5963948,2204,254.49147033691406
1645534563.2825475,2207,250.4931182861328
1645534564.1306887,2210,286.2869567871094
1645534564.6196935,2212,288.22247314453125
1645534564.8551092,2213,277.1360778808594
1645534565.421712,2215,241.2668914794922
1645534565.806321,2216,289.7417907714844
1645534566.0763717,2217,291.9390869140625
1645534567.0917113,2222,263.72955322265625
1645534567.2886875,2223,298.3609619140625
1645534567.629798,2224,301.6645812988281
1645534567.954862,2226,1.7120378017425537
1645534569.0287628,2228,299.8326416015625
1645534571.177688,2234,252.92523193359375
1645534571.8600903,2237,266.57928466796875
1645534574.0478163,2240,284.7554626464844
1645534574.6251066,2243,276.4895324707031
1645534575.0723639,2245,291.89520263671875
1645534579.0478761,2255,261.4409484863281
1645534579.6665218,2258,7.1472249031066895
1645534579.8410637,2259,268.1983337402344
1645534581.1211278,2265,266.6552429199219
1645534581.5434394,2267,295.6766052246094
1645534581.7347527,2268,281.0826416015625
1645534585.1100955,2275,259.65478515625
1645534586.0458868,2277,312.669921875
1645534586.9101617,2281,268.0274353027344
1645534587.170097,2282,283.0111389160156
1645534588.0653486,2286,251.2790069580078
1645534590.6761856,2292,301.8025817871094
1645534590.7665372,2293,78.42689514160156
1645534591.1380367,2294,277.4225769042969
1645534593.8354723,2301,260.7792663574219
1645534595.2091975,2306,289.6327819824219
1645534596.4814277,2307,268.945556640625
1645534596.5718832,2308,37.18476867675781
1645534597.08834,2310,294.3071594238281
1645534597.5185373,2312,305.2650146484375
1645534598.4719982,2316,298.2520751953125
1645534598.6066742,2317,9.10916519165039
1645534599.9217641,2320,257.37432861328125
1645534601.0856464,2325,236.4005126953125
1645534603.5774395,2331,284.05694580078125
1645534604.074509,2333,272.458740234375
1645534605.0467079,2336,261.2278747558594
1645534606.9607995,2341,276.86346435546875
1645534608.8344755,2343,299.69476318359375
1645534609.184886,2344,259.0017395019531
1645534609.4462094,2345,265.0466613769531
1645534609.675332,2347,47.866539001464844
1645534609.9292986,2348,258.15533447265625
1645534610.1606867,2349,250.59445190429688
1645534610.9619522,2352,254.38272094726562
1645534611.197746,2353,247.73223876953125
1645534611.6133518,2354,303.607421875
1645534612.4128642,2358,293.5445556640625
1645534612.9120016,2360,269.4075927734375
1645534613.3799129,2363,267.508056640625
1645534614.3832946,2366,262.70123291015625
1645534615.07919,2369,291.85693359375
1645534615.5337057,2372,256.35919189453125
1645534615.9699457,2374,278.684326171875
1645534616.9246123,2379,288.1128845214844
1645534618.558159,2385,269.19793701171875
1645534619.7047484,2390,48.16067123413086
1645534620.2526586,2392,244.86920166015625
1645534620.578685,2394,45.2401008605957
1645534620.8325212,2395,281.3854675292969
1645534621.0507371,2396,260.7889709472656
1645534621.3331387,2397,293.4524841308594
1645534621.5348399,2398,270.38525390625
1645534621.712071,2399,234.60203552246094
1645534622.2789867,2402,278.033935546875
1645534623.6403992,2409,168.74891662597656
1645534624.3132324,2412,272.10931396484375
1645534624.5169382,2413,287.0268859863281
1645534625.081211,2416,278.9579772949219
1645534625.9926908,2420,258.9723815917969
1645534627.8953035,2429,284.2312316894531
1645534628.5422199,2432,282.648681640625
1645534629.4632628,2436,286.78216552734375
1645534629.7421274,2437,287.2624206542969
1645534630.2277384,2439,286.33856201171875
1645534630.4008174,2440,258.46044921875
1645534630.879318,2442,287.0296630859375
1645534631.1539037,2443,264.4670715332031
1645534632.476574,2449,298.8789978027344
1645534633.7243807,2455,295.005615234375
1645534634.8818362,2459,277.41357421875
1645534635.0751803,2460,261.5422668457031
1645534635.7027993,2463,274.1458435058594
1645534636.2915668,2465,291.1041259765625
1645534636.5526376,2466,297.6318664550781
1645534637.0344725,2468,297.4924011230469
1645534637.4099576,2470,278.21331787109375
1645534640.0260513,2474,293.65594482421875
1645534640.667414,2476,280.8977966308594
1645534641.171136,2478,236.27284240722656
1645534643.5773406,2485,282.940673828125
1645534643.7716038,2486,325.3005065917969
1645534645.0046875,2490,264.4928894042969
1645534645.8073056,2494,304.087158203125
1645534646.697163,2497,296.0514831542969
1645534647.106134,2499,283.9901123046875
